,date,coordinates,model (name),model elevation,utc_offset,surface_pressure,surface_solar_radiation,relative_humidity
0,2020-01-22 16:00:00,"(52.1, 4.3)",era5,0.19,1.0,103601.56,58.46,0.96
1,2020-01-23 10:00:00,"(52.1, 4.3)",era5,0.19,1.0,103363.68,13.75,0.96
2,2020-01-23 16:00:00,"(52.1, 4.3)",era5,0.19,1.0,102951.72,62.41,0.89
3,2020-01-24 10:00:00,"(52.1, 4.3)",era5,0.19,1.0,102390.52,24.6,0.88
4,2020-01-24 16:00:00,"(52.1, 4.3)",era5,0.19,1.0,102206.52,74.92,0.86
5,2020-01-25 10:00:00,"(52.1, 4.3)",era5,0.19,1.0,102157.48,45.23,0.9
6,2020-01-25 16:00:00,"(52.1, 4.3)",era5,0.19,1.0,101985.64,111.49,0.87
7,2020-01-26 10:00:00,"(52.1, 4.3)",era5,0.19,1.0,101493.68,39.81,0.95
8,2020-01-26 16:00:00,"(52.1, 4.3)",era5,0.19,1.0,101222.32,56.72,0.87
9,2020-01-27 10:00:00,"(52.1, 4.3)",era5,0.19,1.0,100517.0,32.16,0.91
10,2020-01-27 16:00:00,"(52.1, 4.3)",era5,0.19,1.0,100149.56,92.3,0.87
11,2020-01-28 10:00:00,"(52.1, 4.3)",era5,0.19,1.0,98914.64,13.08,0.86
12,2020-01-28 16:00:00,"(52.1, 4.3)",era5,0.19,1.0,99547.92,123.12,0.66
13,2020-01-29 10:00:00,"(52.1, 4.3)",era5,0.19,1.0,100445.0,65.08,0.77
14,2020-01-29 16:00:00,"(52.1, 4.3)",era5,0.19,1.0,100845.24,121.1,0.67
15,2020-01-30 10:00:00,"(52.1, 4.3)",era5,0.19,1.0,100823.36,59.46,0.88
16,2020-01-30 16:00:00,"(52.1, 4.3)",era5,0.19,1.0,100212.24,12.02,0.89
17,2020-01-31 10:00:00,"(52.1, 4.3)",era5,0.19,1.0,100752.0,59.19,0.88
18,2020-01-31 16:00:00,"(52.1, 4.3)",era5,0.19,1.0,100674.12,54.15,0.9
19,2020-02-01 10:00:00,"(52.1, 4.3)",era5,0.19,1.0,100083.4,27.52,0.92
20,2020-02-01 16:00:00,"(52.1, 4.3)",era5,0.19,1.0,100297.68,132.58,0.74
21,2020-02-02 10:00:00,"(52.1, 4.3)",era5,0.19,1.0,100475.88,7.87,0.93
22,2020-02-02 16:00:00,"(52.1, 4.3)",era5,0.19,1.0,100534.2,50.32,0.87
23,2020-02-03 10:00:00,"(52.1, 4.3)",era5,0.19,1.0,101134.52,55.66,0.81
24,2020-02-03 16:00:00,"(52.1, 4.3)",era5,0.19,1.0,101154.8,106.46,0.82
25,2020-02-04 10:00:00,"(52.1, 4.3)",era5,0.19,1.0,101204.76,82.98,0.73
26,2020-02-04 16:00:00,"(52.1, 4.3)",era5,0.19,1.0,101592.48,78.22,0.88
27,2020-02-05 10:00:00,"(52.1, 4.3)",era5,0.19,1.0,103609.56,76.31,0.82
28,2020-02-05 16:00:00,"(52.1, 4.3)",era5,0.19,1.0,103620.44,161.49,0.69
29,2020-02-06 10:00:00,"(52.1, 4.3)",era5,0.19,1.0,103191.44,61.35,0.86
30,2020-02-06 16:00:00,"(52.1, 4.3)",era5,0.19,1.0,103087.16,151.93,0.79
31,2020-02-07 10:00:00,"(52.1, 4.3)",era5,0.19,1.0,102614.72,111.06,0.87
32,2020-02-07 16:00:00,"(52.1, 4.3)",era5,0.19,1.0,102128.4,214.26,0.66
33,2020-02-08 10:00:00,"(52.1, 4.3)",era5,0.19,1.0,101691.52,95.42,0.85
34,2020-02-08 16:00:00,"(52.1, 4.3)",era5,0.19,1.0,101755.96,36.82,0.94
35,2020-02-09 10:00:00,"(52.1, 4.3)",era5,0.19,1.0,100248.28,19.83,0.78
36,2020-02-09 16:00:00,"(52.1, 4.3)",era5,0.19,1.0,99023.52,29.32,0.78
37,2020-02-10 10:00:00,"(52.1, 4.3)",era5,0.19,1.0,99555.92,94.2,0.64
38,2020-02-10 16:00:00,"(52.1, 4.3)",era5,0.19,1.0,99661.04,150.21,0.69
39,2020-02-11 10:00:00,"(52.1, 4.3)",era5,0.19,1.0,100096.92,121.13,0.64
40,2020-02-11 16:00:00,"(52.1, 4.3)",era5,0.19,1.0,100377.72,196.36,0.59
41,2020-02-12 10:00:00,"(52.1, 4.3)",era5,0.19,1.0,101107.44,118.78,0.69
42,2020-02-12 16:00:00,"(52.1, 4.3)",era5,0.19,1.0,101352.48,204.14,0.62
43,2020-02-13 10:00:00,"(52.1, 4.3)",era5,0.19,1.0,99753.6,24.61,0.91
44,2020-02-13 16:00:00,"(52.1, 4.3)",era5,0.19,1.0,99378.92,120.19,0.85
45,2020-02-14 10:00:00,"(52.1, 4.3)",era5,0.19,1.0,101861.76,102.11,0.8
46,2020-02-14 16:00:00,"(52.1, 4.3)",era5,0.19,1.0,101989.12,214.57,0.74
47,2020-02-15 10:00:00,"(52.1, 4.3)",era5,0.19,1.0,101523.88,67.0,0.87
48,2020-02-15 16:00:00,"(52.1, 4.3)",era5,0.19,1.0,100956.76,71.07,0.77
49,2020-02-16 10:00:00,"(52.1, 4.3)",era5,0.19,1.0,99670.2,19.16,0.83
50,2020-02-16 16:00:00,"(52.1, 4.3)",era5,0.19,1.0,99298.52,26.61,0.82
51,2020-02-17 10:00:00,"(52.1, 4.3)",era5,0.19,1.0,100878.8,122.6,0.77
52,2020-02-17 16:00:00,"(52.1, 4.3)",era5,0.19,1.0,100949.32,222.18,0.77
53,2020-02-18 10:00:00,"(52.1, 4.3)",era5,0.19,1.0,101901.4,155.18,0.76
54,2020-02-18 16:00:00,"(52.1, 4.3)",era5,0.19,1.0,101788.2,250.54,0.71
55,2020-02-19 10:00:00,"(52.1, 4.3)",era5,0.19,1.0,101772.92,142.53,0.71
56,2020-02-19 16:00:00,"(52.1, 4.3)",era5,0.19,1.0,101984.6,167.78,0.68
57,2020-02-20 10:00:00,"(52.1, 4.3)",era5,0.19,1.0,101213.52,46.47,0.85
58,2020-02-20 16:00:00,"(52.1, 4.3)",era5,0.19,1.0,100663.2,69.62,0.79
59,2020-02-21 10:00:00,"(52.1, 4.3)",era5,0.19,1.0,102311.96,169.55,0.78
60,2020-02-21 16:00:00,"(52.1, 4.3)",era5,0.19,1.0,102220.12,188.07,0.77
61,2020-02-22 10:00:00,"(52.1, 4.3)",era5,0.19,1.0,101476.4,19.84,0.82
62,2020-02-22 16:00:00,"(52.1, 4.3)",era5,0.19,1.0,101628.52,59.48,0.82
63,2020-02-23 10:00:00,"(52.1, 4.3)",era5,0.19,1.0,100689.64,6.5,0.89
64,2020-02-23 16:00:00,"(52.1, 4.3)",era5,0.19,1.0,101208.52,75.12,0.85
65,2020-02-24 10:00:00,"(52.1, 4.3)",era5,0.19,1.0,101433.96,22.91,0.79
66,2020-02-24 16:00:00,"(52.1, 4.3)",era5,0.19,1.0,100391.44,23.25,0.88
67,2020-02-25 10:00:00,"(52.1, 4.3)",era5,0.19,1.0,99970.96,182.18,0.73
68,2020-02-25 16:00:00,"(52.1, 4.3)",era5,0.19,1.0,99680.0,244.13,0.67
69,2020-02-26 10:00:00,"(52.1, 4.3)",era5,0.19,1.0,99717.08,114.15,0.91
70,2020-02-26 16:00:00,"(52.1, 4.3)",era5,0.19,1.0,100219.24,282.23,0.76
71,2020-02-27 10:00:00,"(52.1, 4.3)",era5,0.19,1.0,99816.48,61.75,0.91
72,2020-02-27 16:00:00,"(52.1, 4.3)",era5,0.19,1.0,99778.72,23.27,0.95
73,2020-02-28 10:00:00,"(52.1, 4.3)",era5,0.19,1.0,101501.04,153.96,0.8
74,2020-02-28 16:00:00,"(52.1, 4.3)",era5,0.19,1.0,100862.64,89.39,0.77
75,2020-02-29 10:00:00,"(52.1, 4.3)",era5,0.19,1.0,98680.24,149.23,0.76
76,2020-02-29 16:00:00,"(52.1, 4.3)",era5,0.19,1.0,98629.36,226.84,0.74
77,2020-03-01 10:00:00,"(52.1, 4.3)",era5,0.19,1.0,99037.76,180.2,0.81
78,2020-03-01 16:00:00,"(52.1, 4.3)",era5,0.19,1.0,99053.16,284.4,0.7
79,2020-03-02 10:00:00,"(52.1, 4.3)",era5,0.19,1.0,98731.64,43.24,0.9
80,2020-03-02 16:00:00,"(52.1, 4.3)",era5,0.19,1.0,98810.04,139.36,0.91
81,2020-03-03 10:00:00,"(52.1, 4.3)",era5,0.19,1.0,99994.44,213.65,0.77
82,2020-03-03 16:00:00,"(52.1, 4.3)",era5,0.19,1.0,100225.4,253.35,0.64
83,2020-03-04 10:00:00,"(52.1, 4.3)",era5,0.19,1.0,100991.0,195.47,0.83
84,2020-03-04 16:00:00,"(52.1, 4.3)",era5,0.19,1.0,100895.68,313.44,0.68
85,2020-03-05 10:00:00,"(52.1, 4.3)",era5,0.19,1.0,99675.68,58.09,0.89
86,2020-03-05 16:00:00,"(52.1, 4.3)",era5,0.19,1.0,99055.24,63.37,0.87
87,2020-03-06 10:00:00,"(52.1, 4.3)",era5,0.19,1.0,99686.56,168.44,0.84
88,2020-03-06 16:00:00,"(52.1, 4.3)",era5,0.19,1.0,100294.0,226.04,0.83
89,2020-03-07 10:00:00,"(52.1, 4.3)",era5,0.19,1.0,101681.2,267.63,0.83
90,2020-03-07 16:00:00,"(52.1, 4.3)",era5,0.19,1.0,101653.8,141.25,0.74
91,2020-03-08 10:00:00,"(52.1, 4.3)",era5,0.19,1.0,100830.4,32.98,0.82
92,2020-03-08 16:00:00,"(52.1, 4.3)",era5,0.19,1.0,100657.0,271.77,0.84
93,2020-03-09 10:00:00,"(52.1, 4.3)",era5,0.19,1.0,101081.2,249.27,0.8
94,2020-03-09 16:00:00,"(52.1, 4.3)",era5,0.19,1.0,101270.24,298.38,0.76
95,2020-03-10 10:00:00,"(52.1, 4.3)",era5,0.19,1.0,100252.72,31.49,0.92
96,2020-03-10 16:00:00,"(52.1, 4.3)",era5,0.19,1.0,100197.96,41.86,0.9
97,2020-03-11 10:00:00,"(52.1, 4.3)",era5,0.19,1.0,101102.04,186.45,0.87
98,2020-03-11 16:00:00,"(52.1, 4.3)",era5,0.19,1.0,101001.44,251.66,0.82
99,2020-03-12 10:00:00,"(52.1, 4.3)",era5,0.19,1.0,100957.48,303.23,0.58
100,2020-03-12 16:00:00,"(52.1, 4.3)",era5,0.19,1.0,100899.2,302.94,0.61
101,2020-03-13 10:00:00,"(52.1, 4.3)",era5,0.19,1.0,101480.92,249.57,0.79
102,2020-03-13 16:00:00,"(52.1, 4.3)",era5,0.19,1.0,101880.88,283.49,0.79
103,2020-03-14 10:00:00,"(52.1, 4.3)",era5,0.19,1.0,101921.76,186.01,0.88
104,2020-03-14 16:00:00,"(52.1, 4.3)",era5,0.19,1.0,101677.64,236.57,0.67
105,2020-03-15 10:00:00,"(52.1, 4.3)",era5,0.19,1.0,101159.04,173.2,0.83
106,2020-03-15 16:00:00,"(52.1, 4.3)",era5,0.19,1.0,100996.76,122.51,0.77
107,2020-03-16 10:00:00,"(52.1, 4.3)",era5,0.19,1.0,101940.4,257.41,0.84
108,2020-03-16 16:00:00,"(52.1, 4.3)",era5,0.19,1.0,102237.84,338.69,0.8
109,2020-03-17 10:00:00,"(52.1, 4.3)",era5,0.19,1.0,102842.4,266.58,0.8
110,2020-03-17 16:00:00,"(52.1, 4.3)",era5,0.19,1.0,102822.32,385.19,0.66
111,2020-03-18 10:00:00,"(52.1, 4.3)",era5,0.19,1.0,102580.36,275.83,0.77
112,2020-03-18 16:00:00,"(52.1, 4.3)",era5,0.19,1.0,102476.88,276.22,0.75
113,2020-03-19 10:00:00,"(52.1, 4.3)",era5,0.19,1.0,102652.76,77.82,0.9
114,2020-03-19 16:00:00,"(52.1, 4.3)",era5,0.19,1.0,102622.64,159.44,0.84
115,2020-03-20 10:00:00,"(52.1, 4.3)",era5,0.19,1.0,102807.84,112.62,0.73
116,2020-03-20 16:00:00,"(52.1, 4.3)",era5,0.19,1.0,102833.88,170.09,0.69
117,2020-03-21 10:00:00,"(52.1, 4.3)",era5,0.19,1.0,102956.08,381.48,0.69
118,2020-03-21 16:00:00,"(52.1, 4.3)",era5,0.19,1.0,102722.4,344.08,0.56
119,2020-03-22 10:00:00,"(52.1, 4.3)",era5,0.19,1.0,103106.6,384.63,0.6
120,2020-03-22 16:00:00,"(52.1, 4.3)",era5,0.19,1.0,102937.52,473.82,0.46
121,2020-03-23 10:00:00,"(52.1, 4.3)",era5,0.19,1.0,103254.8,394.3,0.51
122,2020-03-23 16:00:00,"(52.1, 4.3)",era5,0.19,1.0,103004.88,478.36,0.38
123,2020-03-24 10:00:00,"(52.1, 4.3)",era5,0.19,1.0,103130.36,399.44,0.49
124,2020-03-24 16:00:00,"(52.1, 4.3)",era5,0.19,1.0,102831.92,479.96,0.4
125,2020-03-25 10:00:00,"(52.1, 4.3)",era5,0.19,1.0,102860.4,408.7,0.48
126,2020-03-25 16:00:00,"(52.1, 4.3)",era5,0.19,1.0,102504.92,486.9,0.36
127,2020-03-26 10:00:00,"(52.1, 4.3)",era5,0.19,1.0,102496.84,410.0,0.49
128,2020-03-26 16:00:00,"(52.1, 4.3)",era5,0.19,1.0,102262.32,486.15,0.43
129,2020-03-27 10:00:00,"(52.1, 4.3)",era5,0.19,1.0,102268.76,398.72,0.6
130,2020-03-27 16:00:00,"(52.1, 4.3)",era5,0.19,1.0,102030.04,473.6,0.55
131,2020-03-28 10:00:00,"(52.1, 4.3)",era5,0.19,1.0,102558.72,369.36,0.68
132,2020-03-28 16:00:00,"(52.1, 4.3)",era5,0.19,1.0,102633.84,460.3,0.69
133,2020-03-29 10:00:00,"(52.1, 4.3)",era5,0.19,1.0,103208.28,388.32,0.52
134,2020-03-29 16:00:00,"(52.1, 4.3)",era5,0.19,1.0,103407.04,512.1,0.43
135,2020-03-30 10:00:00,"(52.1, 4.3)",era5,0.19,1.0,103229.0,326.8,0.66
136,2020-03-30 16:00:00,"(52.1, 4.3)",era5,0.19,1.0,102913.44,398.33,0.71
137,2020-03-31 10:00:00,"(52.1, 4.3)",era5,0.19,1.0,103295.28,447.67,0.62
138,2020-03-31 16:00:00,"(52.1, 4.3)",era5,0.19,1.0,103053.92,515.24,0.46
139,2020-04-01 10:00:00,"(52.1, 4.3)",era5,0.19,1.0,102433.32,378.84,0.63
140,2020-04-01 16:00:00,"(52.1, 4.3)",era5,0.19,1.0,102044.48,358.26,0.64
141,2020-04-02 10:00:00,"(52.1, 4.3)",era5,0.19,1.0,101441.96,431.38,0.74
142,2020-04-02 16:00:00,"(52.1, 4.3)",era5,0.19,1.0,101241.52,272.09,0.77
143,2020-04-03 10:00:00,"(52.1, 4.3)",era5,0.19,1.0,101559.64,379.95,0.71
144,2020-04-03 16:00:00,"(52.1, 4.3)",era5,0.19,1.0,101863.28,486.2,0.58
145,2020-04-04 10:00:00,"(52.1, 4.3)",era5,0.19,1.0,102393.56,443.89,0.57
146,2020-04-04 16:00:00,"(52.1, 4.3)",era5,0.19,1.0,102269.96,490.82,0.49
147,2020-04-05 10:00:00,"(52.1, 4.3)",era5,0.19,1.0,102095.28,466.96,0.59
148,2020-04-05 16:00:00,"(52.1, 4.3)",era5,0.19,1.0,101652.76,534.31,0.39
149,2020-04-06 10:00:00,"(52.1, 4.3)",era5,0.19,1.0,101628.36,440.3,0.56
150,2020-04-06 16:00:00,"(52.1, 4.3)",era5,0.19,1.0,102023.4,318.56,0.67
151,2020-04-07 10:00:00,"(52.1, 4.3)",era5,0.19,1.0,103194.32,461.04,0.8
152,2020-04-07 16:00:00,"(52.1, 4.3)",era5,0.19,1.0,102974.96,536.57,0.51
153,2020-04-08 10:00:00,"(52.1, 4.3)",era5,0.19,1.0,102548.6,452.96,0.7
154,2020-04-08 16:00:00,"(52.1, 4.3)",era5,0.19,1.0,102329.72,484.1,0.6
155,2020-04-09 10:00:00,"(52.1, 4.3)",era5,0.19,1.0,102629.68,470.77,0.62
156,2020-04-09 16:00:00,"(52.1, 4.3)",era5,0.19,1.0,102612.0,538.11,0.59
157,2020-04-10 10:00:00,"(52.1, 4.3)",era5,0.19,1.0,102786.8,472.9,0.66
158,2020-04-10 16:00:00,"(52.1, 4.3)",era5,0.19,1.0,102575.84,523.51,0.57
159,2020-04-11 10:00:00,"(52.1, 4.3)",era5,0.19,1.0,102532.68,491.46,0.55
160,2020-04-11 16:00:00,"(52.1, 4.3)",era5,0.19,1.0,102219.52,557.65,0.48
161,2020-04-12 10:00:00,"(52.1, 4.3)",era5,0.19,1.0,101599.28,466.6,0.64
162,2020-04-12 16:00:00,"(52.1, 4.3)",era5,0.19,1.0,101350.52,515.5,0.6
163,2020-04-13 10:00:00,"(52.1, 4.3)",era5,0.19,1.0,102429.72,420.59,0.57
164,2020-04-13 16:00:00,"(52.1, 4.3)",era5,0.19,1.0,102609.68,451.26,0.53
165,2020-04-14 10:00:00,"(52.1, 4.3)",era5,0.19,1.0,102833.96,351.82,0.6
166,2020-04-14 16:00:00,"(52.1, 4.3)",era5,0.19,1.0,102789.2,425.92,0.6
167,2020-04-15 10:00:00,"(52.1, 4.3)",era5,0.19,1.0,102576.88,513.82,0.62
168,2020-04-15 16:00:00,"(52.1, 4.3)",era5,0.19,1.0,102261.16,570.79,0.59
169,2020-04-16 10:00:00,"(52.1, 4.3)",era5,0.19,1.0,101725.56,512.96,0.63
170,2020-04-16 16:00:00,"(52.1, 4.3)",era5,0.19,1.0,101597.08,578.72,0.49
171,2020-04-17 10:00:00,"(52.1, 4.3)",era5,0.19,1.0,101902.36,511.57,0.68
172,2020-04-17 16:00:00,"(52.1, 4.3)",era5,0.19,1.0,101674.4,573.53,0.6
173,2020-04-18 10:00:00,"(52.1, 4.3)",era5,0.19,1.0,101633.64,329.54,0.69
174,2020-04-18 16:00:00,"(52.1, 4.3)",era5,0.19,1.0,101681.76,258.0,0.86
175,2020-04-19 10:00:00,"(52.1, 4.3)",era5,0.19,1.0,101951.04,542.76,0.61
176,2020-04-19 16:00:00,"(52.1, 4.3)",era5,0.19,1.0,101898.8,614.32,0.44
177,2020-04-20 10:00:00,"(52.1, 4.3)",era5,0.19,1.0,102047.32,555.41,0.51
178,2020-04-20 16:00:00,"(52.1, 4.3)",era5,0.19,1.0,101692.72,608.6,0.38
179,2020-04-21 10:00:00,"(52.1, 4.3)",era5,0.19,1.0,101905.68,562.08,0.49
180,2020-04-21 16:00:00,"(52.1, 4.3)",era5,0.19,1.0,101686.36,610.61,0.39
181,2020-04-22 10:00:00,"(52.1, 4.3)",era5,0.19,1.0,102119.16,564.06,0.51
182,2020-04-22 16:00:00,"(52.1, 4.3)",era5,0.19,1.0,101960.8,614.64,0.39
183,2020-04-23 10:00:00,"(52.1, 4.3)",era5,0.19,1.0,102081.6,565.31,0.57
184,2020-04-23 16:00:00,"(52.1, 4.3)",era5,0.19,1.0,101820.16,611.3,0.48
185,2020-04-24 10:00:00,"(52.1, 4.3)",era5,0.19,1.0,101566.88,541.27,0.72
186,2020-04-24 16:00:00,"(52.1, 4.3)",era5,0.19,1.0,101503.92,614.09,0.66
187,2020-04-25 10:00:00,"(52.1, 4.3)",era5,0.19,1.0,101669.8,372.84,0.67
188,2020-04-25 16:00:00,"(52.1, 4.3)",era5,0.19,1.0,101477.6,580.96,0.67
189,2020-04-26 10:00:00,"(52.1, 4.3)",era5,0.19,1.0,101384.24,548.61,0.68
190,2020-04-26 16:00:00,"(52.1, 4.3)",era5,0.19,1.0,101204.04,617.54,0.64
191,2020-04-27 10:00:00,"(52.1, 4.3)",era5,0.19,1.0,100790.0,562.42,0.65
192,2020-04-27 16:00:00,"(52.1, 4.3)",era5,0.19,1.0,100706.12,598.11,0.63
193,2020-04-28 10:00:00,"(52.1, 4.3)",era5,0.19,1.0,100493.36,133.24,0.92
194,2020-04-28 16:00:00,"(52.1, 4.3)",era5,0.19,1.0,100385.32,72.34,0.9
195,2020-04-29 10:00:00,"(52.1, 4.3)",era5,0.19,1.0,100403.6,319.85,0.87
196,2020-04-29 16:00:00,"(52.1, 4.3)",era5,0.19,1.0,100397.96,491.16,0.76
197,2020-04-30 10:00:00,"(52.1, 4.3)",era5,0.19,1.0,99941.08,490.02,0.72
198,2020-04-30 16:00:00,"(52.1, 4.3)",era5,0.19,1.0,99749.76,576.42,0.55
199,2020-05-01 10:00:00,"(52.1, 4.3)",era5,0.19,1.0,99758.76,385.23,0.86
200,2020-05-01 16:00:00,"(52.1, 4.3)",era5,0.19,1.0,99910.68,528.42,0.77
201,2020-05-02 10:00:00,"(52.1, 4.3)",era5,0.19,1.0,100746.04,361.41,0.8
202,2020-05-02 16:00:00,"(52.1, 4.3)",era5,0.19,1.0,101187.2,553.18,0.69
203,2020-05-03 10:00:00,"(52.1, 4.3)",era5,0.19,1.0,101780.52,438.48,0.81
204,2020-05-03 16:00:00,"(52.1, 4.3)",era5,0.19,1.0,101792.2,381.49,0.68
205,2020-05-04 10:00:00,"(52.1, 4.3)",era5,0.19,1.0,101982.4,452.76,0.73
206,2020-05-04 16:00:00,"(52.1, 4.3)",era5,0.19,1.0,102116.36,580.8,0.66
207,2020-05-05 10:00:00,"(52.1, 4.3)",era5,0.19,1.0,102276.56,595.46,0.61
208,2020-05-05 16:00:00,"(52.1, 4.3)",era5,0.19,1.0,102253.88,574.46,0.56
209,2020-05-06 10:00:00,"(52.1, 4.3)",era5,0.19,1.0,102649.44,605.42,0.58
210,2020-05-06 16:00:00,"(52.1, 4.3)",era5,0.19,1.0,102612.24,638.51,0.57
211,2020-05-07 10:00:00,"(52.1, 4.3)",era5,0.19,1.0,102518.4,607.31,0.61
212,2020-05-07 16:00:00,"(52.1, 4.3)",era5,0.19,1.0,102272.84,542.01,0.55
213,2020-05-08 10:00:00,"(52.1, 4.3)",era5,0.19,1.0,101940.8,574.0,0.57
214,2020-05-08 16:00:00,"(52.1, 4.3)",era5,0.19,1.0,101771.4,529.11,0.59
215,2020-05-09 10:00:00,"(52.1, 4.3)",era5,0.19,1.0,101457.64,590.75,0.54
216,2020-05-09 16:00:00,"(52.1, 4.3)",era5,0.19,1.0,101146.68,644.2,0.48
217,2020-05-10 10:00:00,"(52.1, 4.3)",era5,0.19,1.0,100639.08,288.72,0.78
218,2020-05-10 16:00:00,"(52.1, 4.3)",era5,0.19,1.0,100888.76,275.19,0.81
219,2020-05-11 10:00:00,"(52.1, 4.3)",era5,0.19,1.0,101512.32,452.8,0.51
220,2020-05-11 16:00:00,"(52.1, 4.3)",era5,0.19,1.0,101718.88,634.84,0.49
221,2020-05-12 10:00:00,"(52.1, 4.3)",era5,0.19,1.0,102073.24,385.88,0.6
222,2020-05-12 16:00:00,"(52.1, 4.3)",era5,0.19,1.0,101854.4,543.88,0.54
223,2020-05-13 10:00:00,"(52.1, 4.3)",era5,0.19,1.0,101464.16,421.98,0.73
224,2020-05-13 16:00:00,"(52.1, 4.3)",era5,0.19,1.0,101503.72,564.0,0.54
225,2020-05-14 10:00:00,"(52.1, 4.3)",era5,0.19,1.0,102238.44,544.8,0.51
226,2020-05-14 16:00:00,"(52.1, 4.3)",era5,0.19,1.0,102151.68,491.68,0.54
227,2020-05-15 10:00:00,"(52.1, 4.3)",era5,0.19,1.0,102373.92,563.73,0.6
228,2020-05-15 16:00:00,"(52.1, 4.3)",era5,0.19,1.0,102407.56,546.6,0.62
229,2020-05-16 10:00:00,"(52.1, 4.3)",era5,0.19,1.0,102311.92,474.16,0.72
230,2020-05-16 16:00:00,"(52.1, 4.3)",era5,0.19,1.0,102320.36,576.86,0.68
231,2020-05-17 10:00:00,"(52.1, 4.3)",era5,0.19,1.0,102416.6,589.98,0.64
232,2020-05-17 16:00:00,"(52.1, 4.3)",era5,0.19,1.0,102385.36,623.7,0.56
233,2020-05-18 10:00:00,"(52.1, 4.3)",era5,0.19,1.0,102313.4,602.8,0.74
234,2020-05-18 16:00:00,"(52.1, 4.3)",era5,0.19,1.0,102327.2,671.17,0.64
235,2020-05-19 10:00:00,"(52.1, 4.3)",era5,0.19,1.0,102276.36,524.73,0.73
236,2020-05-19 16:00:00,"(52.1, 4.3)",era5,0.19,1.0,102285.36,630.33,0.75
237,2020-05-20 10:00:00,"(52.1, 4.3)",era5,0.19,1.0,102403.12,586.57,0.71
238,2020-05-20 16:00:00,"(52.1, 4.3)",era5,0.19,1.0,102287.2,590.52,0.64
239,2020-05-21 10:00:00,"(52.1, 4.3)",era5,0.19,1.0,102165.32,608.19,0.64
240,2020-05-21 16:00:00,"(52.1, 4.3)",era5,0.19,1.0,102012.2,637.78,0.52
241,2020-05-22 10:00:00,"(52.1, 4.3)",era5,0.19,1.0,101492.56,379.25,0.66
242,2020-05-22 16:00:00,"(52.1, 4.3)",era5,0.19,1.0,101733.6,490.34,0.67
243,2020-05-23 10:00:00,"(52.1, 4.3)",era5,0.19,1.0,102133.6,555.3,0.68
244,2020-05-23 16:00:00,"(52.1, 4.3)",era5,0.19,1.0,102234.76,626.33,0.59
245,2020-05-24 10:00:00,"(52.1, 4.3)",era5,0.19,1.0,102757.28,118.97,0.82
246,2020-05-24 16:00:00,"(52.1, 4.3)",era5,0.19,1.0,103005.36,429.74,0.77
247,2020-05-25 10:00:00,"(52.1, 4.3)",era5,0.19,1.0,103498.28,623.16,0.76
248,2020-05-25 16:00:00,"(52.1, 4.3)",era5,0.19,1.0,103515.16,681.12,0.68
249,2020-05-26 10:00:00,"(52.1, 4.3)",era5,0.19,1.0,103599.76,628.85,0.65
250,2020-05-26 16:00:00,"(52.1, 4.3)",era5,0.19,1.0,103524.08,648.05,0.66
251,2020-05-27 10:00:00,"(52.1, 4.3)",era5,0.19,1.0,103552.28,617.72,0.69
252,2020-05-27 16:00:00,"(52.1, 4.3)",era5,0.19,1.0,103502.68,684.61,0.64
253,2020-05-28 10:00:00,"(52.1, 4.3)",era5,0.19,1.0,103580.56,646.2,0.58
254,2020-05-28 16:00:00,"(52.1, 4.3)",era5,0.19,1.0,103327.04,687.64,0.56
255,2020-05-29 10:00:00,"(52.1, 4.3)",era5,0.19,1.0,103038.72,649.91,0.59
256,2020-05-29 16:00:00,"(52.1, 4.3)",era5,0.19,1.0,102679.24,688.18,0.51
257,2020-05-30 10:00:00,"(52.1, 4.3)",era5,0.19,1.0,102517.2,648.8,0.49
258,2020-05-30 16:00:00,"(52.1, 4.3)",era5,0.19,1.0,102297.28,681.58,0.43
259,2020-05-31 10:00:00,"(52.1, 4.3)",era5,0.19,1.0,102438.76,641.0,0.51
260,2020-05-31 16:00:00,"(52.1, 4.3)",era5,0.19,1.0,102232.52,646.05,0.43
261,2020-06-01 10:00:00,"(52.1, 4.3)",era5,0.19,1.0,102358.68,634.3,0.58
262,2020-06-01 16:00:00,"(52.1, 4.3)",era5,0.19,1.0,102167.92,643.58,0.48
263,2020-06-02 10:00:00,"(52.1, 4.3)",era5,0.19,1.0,101827.92,629.61,0.56
264,2020-06-02 16:00:00,"(52.1, 4.3)",era5,0.19,1.0,101572.6,640.05,0.64
265,2020-06-03 10:00:00,"(52.1, 4.3)",era5,0.19,1.0,100692.52,564.14,0.76
266,2020-06-03 16:00:00,"(52.1, 4.3)",era5,0.19,1.0,100475.32,437.2,0.77
267,2020-06-04 10:00:00,"(52.1, 4.3)",era5,0.19,1.0,99883.12,413.79,0.82
268,2020-06-04 16:00:00,"(52.1, 4.3)",era5,0.19,1.0,99832.32,219.5,0.8
269,2020-06-05 10:00:00,"(52.1, 4.3)",era5,0.19,1.0,99116.8,195.87,0.9
270,2020-06-05 16:00:00,"(52.1, 4.3)",era5,0.19,1.0,99373.72,351.47,0.78
271,2020-06-06 10:00:00,"(52.1, 4.3)",era5,0.19,1.0,99712.44,554.48,0.6
272,2020-06-06 16:00:00,"(52.1, 4.3)",era5,0.19,1.0,99875.12,328.58,0.63
273,2020-06-07 10:00:00,"(52.1, 4.3)",era5,0.19,1.0,100571.92,535.7,0.84
274,2020-06-07 16:00:00,"(52.1, 4.3)",era5,0.19,1.0,100895.68,437.79,0.77
275,2020-06-08 10:00:00,"(52.1, 4.3)",era5,0.19,1.0,101455.72,252.15,0.75
276,2020-06-08 16:00:00,"(52.1, 4.3)",era5,0.19,1.0,101646.28,422.51,0.78
277,2020-06-09 10:00:00,"(52.1, 4.3)",era5,0.19,1.0,102045.48,320.08,0.69
278,2020-06-09 16:00:00,"(52.1, 4.3)",era5,0.19,1.0,101992.32,374.79,0.64
279,2020-06-10 10:00:00,"(52.1, 4.3)",era5,0.19,1.0,101723.6,556.53,0.67
280,2020-06-10 16:00:00,"(52.1, 4.3)",era5,0.19,1.0,101536.92,263.94,0.71
281,2020-06-11 10:00:00,"(52.1, 4.3)",era5,0.19,1.0,101254.64,291.05,0.77
282,2020-06-11 16:00:00,"(52.1, 4.3)",era5,0.19,1.0,101041.56,536.5,0.81
283,2020-06-12 10:00:00,"(52.1, 4.3)",era5,0.19,1.0,100762.04,589.57,0.73
284,2020-06-12 16:00:00,"(52.1, 4.3)",era5,0.19,1.0,100574.4,352.19,0.63
285,2020-06-13 10:00:00,"(52.1, 4.3)",era5,0.19,1.0,101120.44,631.72,0.78
286,2020-06-13 16:00:00,"(52.1, 4.3)",era5,0.19,1.0,101095.16,570.16,0.67
287,2020-06-14 10:00:00,"(52.1, 4.3)",era5,0.19,1.0,101430.52,485.52,0.83
288,2020-06-14 16:00:00,"(52.1, 4.3)",era5,0.19,1.0,101524.12,509.08,0.8
289,2020-06-15 10:00:00,"(52.1, 4.3)",era5,0.19,1.0,101688.4,498.02,0.73
290,2020-06-15 16:00:00,"(52.1, 4.3)",era5,0.19,1.0,101663.32,491.93,0.67
291,2020-06-16 10:00:00,"(52.1, 4.3)",era5,0.19,1.0,101588.32,336.44,0.75
292,2020-06-16 16:00:00,"(52.1, 4.3)",era5,0.19,1.0,101478.24,364.65,0.77
293,2020-06-17 10:00:00,"(52.1, 4.3)",era5,0.19,1.0,101329.16,595.88,0.82
294,2020-06-17 16:00:00,"(52.1, 4.3)",era5,0.19,1.0,101135.72,466.84,0.7
295,2020-06-18 10:00:00,"(52.1, 4.3)",era5,0.19,1.0,101031.36,419.67,0.85
296,2020-06-18 16:00:00,"(52.1, 4.3)",era5,0.19,1.0,101130.48,435.84,0.74
297,2020-06-19 10:00:00,"(52.1, 4.3)",era5,0.19,1.0,101509.76,568.62,0.78
298,2020-06-19 16:00:00,"(52.1, 4.3)",era5,0.19,1.0,101665.72,515.82,0.72
299,2020-06-20 10:00:00,"(52.1, 4.3)",era5,0.19,1.0,102137.04,478.67,0.75
300,2020-06-20 16:00:00,"(52.1, 4.3)",era5,0.19,1.0,102153.56,575.38,0.71
301,2020-06-21 10:00:00,"(52.1, 4.3)",era5,0.19,1.0,101783.8,466.21,0.7
302,2020-06-21 16:00:00,"(52.1, 4.3)",era5,0.19,1.0,101844.84,457.7,0.74
303,2020-06-22 10:00:00,"(52.1, 4.3)",era5,0.19,1.0,102571.84,619.21,0.74
304,2020-06-22 16:00:00,"(52.1, 4.3)",era5,0.19,1.0,102640.64,715.86,0.57
305,2020-06-23 10:00:00,"(52.1, 4.3)",era5,0.19,1.0,102603.48,633.15,0.62
306,2020-06-23 16:00:00,"(52.1, 4.3)",era5,0.19,1.0,102528.96,690.56,0.56
307,2020-06-24 10:00:00,"(52.1, 4.3)",era5,0.19,1.0,102298.6,630.02,0.58
308,2020-06-24 16:00:00,"(52.1, 4.3)",era5,0.19,1.0,102143.2,690.54,0.48
309,2020-06-25 10:00:00,"(52.1, 4.3)",era5,0.19,1.0,101936.16,637.81,0.57
310,2020-06-25 16:00:00,"(52.1, 4.3)",era5,0.19,1.0,101643.28,629.42,0.49
311,2020-06-26 10:00:00,"(52.1, 4.3)",era5,0.19,1.0,101099.56,577.43,0.61
312,2020-06-26 16:00:00,"(52.1, 4.3)",era5,0.19,1.0,100940.08,589.11,0.5
313,2020-06-27 10:00:00,"(52.1, 4.3)",era5,0.19,1.0,100845.48,451.04,0.8
314,2020-06-27 16:00:00,"(52.1, 4.3)",era5,0.19,1.0,100772.64,455.51,0.82
315,2020-06-28 10:00:00,"(52.1, 4.3)",era5,0.19,1.0,101134.04,578.16,0.65
316,2020-06-28 16:00:00,"(52.1, 4.3)",era5,0.19,1.0,101245.8,610.91,0.55
317,2020-06-29 10:00:00,"(52.1, 4.3)",era5,0.19,1.0,101034.44,513.68,0.65
318,2020-06-29 16:00:00,"(52.1, 4.3)",era5,0.19,1.0,100987.92,483.57,0.6
319,2020-06-30 10:00:00,"(52.1, 4.3)",era5,0.19,1.0,100814.56,205.09,0.72
320,2020-06-30 16:00:00,"(52.1, 4.3)",era5,0.19,1.0,100776.76,86.62,0.89
321,2020-07-01 10:00:00,"(52.1, 4.3)",era5,0.19,1.0,100501.6,266.83,0.84
322,2020-07-01 16:00:00,"(52.1, 4.3)",era5,0.19,1.0,100662.92,642.89,0.69
323,2020-07-02 10:00:00,"(52.1, 4.3)",era5,0.19,1.0,100995.84,385.69,0.78
324,2020-07-02 16:00:00,"(52.1, 4.3)",era5,0.19,1.0,101156.04,550.21,0.68
325,2020-07-03 10:00:00,"(52.1, 4.3)",era5,0.19,1.0,101602.04,521.58,0.77
326,2020-07-03 16:00:00,"(52.1, 4.3)",era5,0.19,1.0,101594.32,524.75,0.63
327,2020-07-04 10:00:00,"(52.1, 4.3)",era5,0.19,1.0,101191.04,163.4,0.88
328,2020-07-04 16:00:00,"(52.1, 4.3)",era5,0.19,1.0,101188.64,91.82,0.88
329,2020-07-05 10:00:00,"(52.1, 4.3)",era5,0.19,1.0,100913.72,162.18,0.89
330,2020-07-05 16:00:00,"(52.1, 4.3)",era5,0.19,1.0,100995.56,541.24,0.7
331,2020-07-06 10:00:00,"(52.1, 4.3)",era5,0.19,1.0,101469.72,504.96,0.72
332,2020-07-06 16:00:00,"(52.1, 4.3)",era5,0.19,1.0,101896.68,580.78,0.69
333,2020-07-07 10:00:00,"(52.1, 4.3)",era5,0.19,1.0,102019.52,574.07,0.69
334,2020-07-07 16:00:00,"(52.1, 4.3)",era5,0.19,1.0,101927.4,291.64,0.67
335,2020-07-08 10:00:00,"(52.1, 4.3)",era5,0.19,1.0,101490.48,140.85,0.85
336,2020-07-08 16:00:00,"(52.1, 4.3)",era5,0.19,1.0,101540.76,265.12,0.83
337,2020-07-09 10:00:00,"(52.1, 4.3)",era5,0.19,1.0,101171.0,318.5,0.91
338,2020-07-09 16:00:00,"(52.1, 4.3)",era5,0.19,1.0,101179.64,109.85,0.91
339,2020-07-10 10:00:00,"(52.1, 4.3)",era5,0.19,1.0,101259.64,229.97,0.83
340,2020-07-10 16:00:00,"(52.1, 4.3)",era5,0.19,1.0,101779.4,616.27,0.63
341,2020-07-11 10:00:00,"(52.1, 4.3)",era5,0.19,1.0,102418.52,516.25,0.63
342,2020-07-11 16:00:00,"(52.1, 4.3)",era5,0.19,1.0,102599.2,607.09,0.71
343,2020-07-12 10:00:00,"(52.1, 4.3)",era5,0.19,1.0,102935.52,612.92,0.61
344,2020-07-12 16:00:00,"(52.1, 4.3)",era5,0.19,1.0,102864.24,592.78,0.6
345,2020-07-13 10:00:00,"(52.1, 4.3)",era5,0.19,1.0,102480.16,625.12,0.58
346,2020-07-13 16:00:00,"(52.1, 4.3)",era5,0.19,1.0,102169.04,684.5,0.55
347,2020-07-14 10:00:00,"(52.1, 4.3)",era5,0.19,1.0,101503.28,116.6,0.91
348,2020-07-14 16:00:00,"(52.1, 4.3)",era5,0.19,1.0,101458.8,259.51,0.87
349,2020-07-15 10:00:00,"(52.1, 4.3)",era5,0.19,1.0,101514.52,346.08,0.64
350,2020-07-15 16:00:00,"(52.1, 4.3)",era5,0.19,1.0,101536.48,505.81,0.69
351,2020-07-16 10:00:00,"(52.1, 4.3)",era5,0.19,1.0,101673.2,155.15,0.87
352,2020-07-16 16:00:00,"(52.1, 4.3)",era5,0.19,1.0,101850.16,386.53,0.81
353,2020-07-17 10:00:00,"(52.1, 4.3)",era5,0.19,1.0,102092.12,303.5,0.79
354,2020-07-17 16:00:00,"(52.1, 4.3)",era5,0.19,1.0,102102.56,521.29,0.8
355,2020-07-18 10:00:00,"(52.1, 4.3)",era5,0.19,1.0,101859.96,492.62,0.78
356,2020-07-18 16:00:00,"(52.1, 4.3)",era5,0.19,1.0,101788.24,423.02,0.8
357,2020-07-19 10:00:00,"(52.1, 4.3)",era5,0.19,1.0,101576.96,362.53,0.78
358,2020-07-19 16:00:00,"(52.1, 4.3)",era5,0.19,1.0,101677.28,485.6,0.83
359,2020-07-20 10:00:00,"(52.1, 4.3)",era5,0.19,1.0,102132.6,555.26,0.6
360,2020-07-20 16:00:00,"(52.1, 4.3)",era5,0.19,1.0,102244.6,545.7,0.59
361,2020-07-21 10:00:00,"(52.1, 4.3)",era5,0.19,1.0,102510.16,469.6,0.62
362,2020-07-21 16:00:00,"(52.1, 4.3)",era5,0.19,1.0,102543.44,610.68,0.62
363,2020-07-22 10:00:00,"(52.1, 4.3)",era5,0.19,1.0,102535.48,569.24,0.64
364,2020-07-22 16:00:00,"(52.1, 4.3)",era5,0.19,1.0,102353.16,612.34,0.56
365,2020-07-23 10:00:00,"(52.1, 4.3)",era5,0.19,1.0,101766.0,571.11,0.6
366,2020-07-23 16:00:00,"(52.1, 4.3)",era5,0.19,1.0,101498.48,638.84,0.57
367,2020-07-24 10:00:00,"(52.1, 4.3)",era5,0.19,1.0,101196.28,230.46,0.84
368,2020-07-24 16:00:00,"(52.1, 4.3)",era5,0.19,1.0,101279.44,598.95,0.78
369,2020-07-25 10:00:00,"(52.1, 4.3)",era5,0.19,1.0,101038.04,169.92,0.88
370,2020-07-25 16:00:00,"(52.1, 4.3)",era5,0.19,1.0,100857.32,462.1,0.75
371,2020-07-26 10:00:00,"(52.1, 4.3)",era5,0.19,1.0,100966.36,518.56,0.79
372,2020-07-26 16:00:00,"(52.1, 4.3)",era5,0.19,1.0,101289.12,626.18,0.68
373,2020-07-27 10:00:00,"(52.1, 4.3)",era5,0.19,1.0,101250.44,375.39,0.75
374,2020-07-27 16:00:00,"(52.1, 4.3)",era5,0.19,1.0,100703.72,412.07,0.6
375,2020-07-28 10:00:00,"(52.1, 4.3)",era5,0.19,1.0,101097.32,380.3,0.64
376,2020-07-28 16:00:00,"(52.1, 4.3)",era5,0.19,1.0,101415.84,551.18,0.61
377,2020-07-29 10:00:00,"(52.1, 4.3)",era5,0.19,1.0,101989.96,498.4,0.63
378,2020-07-29 16:00:00,"(52.1, 4.3)",era5,0.19,1.0,102086.32,447.12,0.59
379,2020-07-30 10:00:00,"(52.1, 4.3)",era5,0.19,1.0,102126.36,562.08,0.57
380,2020-07-30 16:00:00,"(52.1, 4.3)",era5,0.19,1.0,101943.28,633.42,0.5
381,2020-07-31 10:00:00,"(52.1, 4.3)",era5,0.19,1.0,101668.64,576.78,0.51
382,2020-07-31 16:00:00,"(52.1, 4.3)",era5,0.19,1.0,101356.16,655.44,0.41
383,2020-08-01 10:00:00,"(52.1, 4.3)",era5,0.19,1.0,101424.76,535.1,0.81
384,2020-08-01 16:00:00,"(52.1, 4.3)",era5,0.19,1.0,101565.32,581.74,0.73
385,2020-08-02 10:00:00,"(52.1, 4.3)",era5,0.19,1.0,101565.92,399.21,0.71
386,2020-08-02 16:00:00,"(52.1, 4.3)",era5,0.19,1.0,101634.64,653.8,0.59
387,2020-08-03 10:00:00,"(52.1, 4.3)",era5,0.19,1.0,101424.2,350.78,0.79
388,2020-08-03 16:00:00,"(52.1, 4.3)",era5,0.19,1.0,101409.36,420.87,0.8
389,2020-08-04 10:00:00,"(52.1, 4.3)",era5,0.19,1.0,101798.92,558.93,0.57
390,2020-08-04 16:00:00,"(52.1, 4.3)",era5,0.19,1.0,101677.48,523.58,0.49
391,2020-08-05 10:00:00,"(52.1, 4.3)",era5,0.19,1.0,101552.2,489.84,0.56
392,2020-08-05 16:00:00,"(52.1, 4.3)",era5,0.19,1.0,101442.56,630.6,0.45
393,2020-08-06 10:00:00,"(52.1, 4.3)",era5,0.19,1.0,101914.52,511.2,0.65
394,2020-08-06 16:00:00,"(52.1, 4.3)",era5,0.19,1.0,101913.2,627.4,0.59
395,2020-08-07 10:00:00,"(52.1, 4.3)",era5,0.19,1.0,102003.2,554.59,0.55
396,2020-08-07 16:00:00,"(52.1, 4.3)",era5,0.19,1.0,101893.0,628.93,0.45
397,2020-08-08 10:00:00,"(52.1, 4.3)",era5,0.19,1.0,101980.24,542.56,0.5
398,2020-08-08 16:00:00,"(52.1, 4.3)",era5,0.19,1.0,101947.44,519.75,0.44
399,2020-08-09 10:00:00,"(52.1, 4.3)",era5,0.19,1.0,101845.88,535.48,0.67
400,2020-08-09 16:00:00,"(52.1, 4.3)",era5,0.19,1.0,101623.56,591.99,0.53
401,2020-08-10 10:00:00,"(52.1, 4.3)",era5,0.19,1.0,101531.48,530.67,0.63
402,2020-08-10 16:00:00,"(52.1, 4.3)",era5,0.19,1.0,101413.32,558.27,0.51
403,2020-08-11 10:00:00,"(52.1, 4.3)",era5,0.19,1.0,101512.28,486.94,0.66
404,2020-08-11 16:00:00,"(52.1, 4.3)",era5,0.19,1.0,101422.64,429.67,0.54
405,2020-08-12 10:00:00,"(52.1, 4.3)",era5,0.19,1.0,101441.68,520.66,0.66
406,2020-08-12 16:00:00,"(52.1, 4.3)",era5,0.19,1.0,101323.0,552.15,0.57
407,2020-08-13 10:00:00,"(52.1, 4.3)",era5,0.19,1.0,101202.84,400.92,0.75
408,2020-08-13 16:00:00,"(52.1, 4.3)",era5,0.19,1.0,101076.8,505.02,0.66
409,2020-08-14 10:00:00,"(52.1, 4.3)",era5,0.19,1.0,101215.0,462.17,0.84
410,2020-08-14 16:00:00,"(52.1, 4.3)",era5,0.19,1.0,101254.84,405.32,0.84
411,2020-08-15 10:00:00,"(52.1, 4.3)",era5,0.19,1.0,101523.24,248.71,0.82
412,2020-08-15 16:00:00,"(52.1, 4.3)",era5,0.19,1.0,101425.68,446.38,0.75
413,2020-08-16 10:00:00,"(52.1, 4.3)",era5,0.19,1.0,101141.4,507.82,0.8
414,2020-08-16 16:00:00,"(52.1, 4.3)",era5,0.19,1.0,100930.24,423.27,0.73
415,2020-08-17 10:00:00,"(52.1, 4.3)",era5,0.19,1.0,100914.88,375.1,0.87
416,2020-08-17 16:00:00,"(52.1, 4.3)",era5,0.19,1.0,100913.92,307.52,0.84
417,2020-08-18 10:00:00,"(52.1, 4.3)",era5,0.19,1.0,101034.88,369.44,0.83
418,2020-08-18 16:00:00,"(52.1, 4.3)",era5,0.19,1.0,101030.68,532.99,0.67
419,2020-08-19 10:00:00,"(52.1, 4.3)",era5,0.19,1.0,100856.52,457.19,0.7
420,2020-08-19 16:00:00,"(52.1, 4.3)",era5,0.19,1.0,100579.2,400.25,0.62
421,2020-08-20 10:00:00,"(52.1, 4.3)",era5,0.19,1.0,100663.64,109.37,0.83
422,2020-08-20 16:00:00,"(52.1, 4.3)",era5,0.19,1.0,100604.08,460.88,0.71
423,2020-08-21 10:00:00,"(52.1, 4.3)",era5,0.19,1.0,100583.52,485.46,0.7
424,2020-08-21 16:00:00,"(52.1, 4.3)",era5,0.19,1.0,100863.68,514.5,0.59
425,2020-08-22 10:00:00,"(52.1, 4.3)",era5,0.19,1.0,101282.72,405.72,0.81
426,2020-08-22 16:00:00,"(52.1, 4.3)",era5,0.19,1.0,101332.92,536.12,0.7
427,2020-08-23 10:00:00,"(52.1, 4.3)",era5,0.19,1.0,101415.2,292.26,0.84
428,2020-08-23 16:00:00,"(52.1, 4.3)",era5,0.19,1.0,101616.24,473.14,0.72
429,2020-08-24 10:00:00,"(52.1, 4.3)",era5,0.19,1.0,101481.56,395.03,0.76
430,2020-08-24 16:00:00,"(52.1, 4.3)",era5,0.19,1.0,101482.16,439.33,0.66
431,2020-08-25 10:00:00,"(52.1, 4.3)",era5,0.19,1.0,100840.96,226.45,0.85
432,2020-08-25 16:00:00,"(52.1, 4.3)",era5,0.19,1.0,100132.56,139.18,0.8
433,2020-08-26 10:00:00,"(52.1, 4.3)",era5,0.19,1.0,100401.16,125.22,0.79
434,2020-08-26 16:00:00,"(52.1, 4.3)",era5,0.19,1.0,101234.44,411.98,0.81
435,2020-08-27 10:00:00,"(52.1, 4.3)",era5,0.19,1.0,101610.24,208.42,0.88
436,2020-08-27 16:00:00,"(52.1, 4.3)",era5,0.19,1.0,101168.4,240.25,0.74
437,2020-08-28 10:00:00,"(52.1, 4.3)",era5,0.19,1.0,100031.68,333.03,0.79
438,2020-08-28 16:00:00,"(52.1, 4.3)",era5,0.19,1.0,99904.56,263.92,0.83
439,2020-08-29 10:00:00,"(52.1, 4.3)",era5,0.19,1.0,100212.72,299.21,0.88
440,2020-08-29 16:00:00,"(52.1, 4.3)",era5,0.19,1.0,100401.6,291.14,0.82
441,2020-08-30 10:00:00,"(52.1, 4.3)",era5,0.19,1.0,101015.88,354.49,0.89
442,2020-08-30 16:00:00,"(52.1, 4.3)",era5,0.19,1.0,101315.52,347.08,0.82
443,2020-08-31 10:00:00,"(52.1, 4.3)",era5,0.19,1.0,102019.8,389.24,0.65
444,2020-08-31 16:00:00,"(52.1, 4.3)",era5,0.19,1.0,102052.8,439.71,0.56
445,2020-09-01 10:00:00,"(52.1, 4.3)",era5,0.19,1.0,102074.08,372.15,0.57
446,2020-09-01 16:00:00,"(52.1, 4.3)",era5,0.19,1.0,101988.68,269.35,0.69
447,2020-09-02 10:00:00,"(52.1, 4.3)",era5,0.19,1.0,101981.96,379.2,0.69
448,2020-09-02 16:00:00,"(52.1, 4.3)",era5,0.19,1.0,101903.48,392.02,0.67
449,2020-09-03 10:00:00,"(52.1, 4.3)",era5,0.19,1.0,101579.92,88.0,0.87
450,2020-09-03 16:00:00,"(52.1, 4.3)",era5,0.19,1.0,101533.96,118.38,0.9
451,2020-09-04 10:00:00,"(52.1, 4.3)",era5,0.19,1.0,102061.88,309.71,0.79
452,2020-09-04 16:00:00,"(52.1, 4.3)",era5,0.19,1.0,102061.48,334.47,0.72
453,2020-09-05 10:00:00,"(52.1, 4.3)",era5,0.19,1.0,101856.96,336.56,0.7
454,2020-09-05 16:00:00,"(52.1, 4.3)",era5,0.19,1.0,101939.56,382.58,0.67
455,2020-09-06 10:00:00,"(52.1, 4.3)",era5,0.19,1.0,101951.84,313.18,0.7
456,2020-09-06 16:00:00,"(52.1, 4.3)",era5,0.19,1.0,101993.64,396.82,0.72
457,2020-09-07 10:00:00,"(52.1, 4.3)",era5,0.19,1.0,102320.76,388.5,0.73
458,2020-09-07 16:00:00,"(52.1, 4.3)",era5,0.19,1.0,102326.64,358.02,0.67
459,2020-09-08 10:00:00,"(52.1, 4.3)",era5,0.19,1.0,102418.08,159.9,0.87
460,2020-09-08 16:00:00,"(52.1, 4.3)",era5,0.19,1.0,102476.08,191.84,0.87
461,2020-09-09 10:00:00,"(52.1, 4.3)",era5,0.19,1.0,102099.12,278.7,0.91
462,2020-09-09 16:00:00,"(52.1, 4.3)",era5,0.19,1.0,102093.64,62.86,0.89
463,2020-09-10 10:00:00,"(52.1, 4.3)",era5,0.19,1.0,102386.48,351.2,0.61
464,2020-09-10 16:00:00,"(52.1, 4.3)",era5,0.19,1.0,102116.4,276.17,0.59
465,2020-09-11 10:00:00,"(52.1, 4.3)",era5,0.19,1.0,101750.24,355.19,0.71
466,2020-09-11 16:00:00,"(52.1, 4.3)",era5,0.19,1.0,101666.28,452.69,0.57
467,2020-09-12 10:00:00,"(52.1, 4.3)",era5,0.19,1.0,101781.88,190.29,0.72
468,2020-09-12 16:00:00,"(52.1, 4.3)",era5,0.19,1.0,102071.72,280.45,0.72
469,2020-09-13 10:00:00,"(52.1, 4.3)",era5,0.19,1.0,102463.48,306.25,0.83
470,2020-09-13 16:00:00,"(52.1, 4.3)",era5,0.19,1.0,102457.96,437.63,0.69
471,2020-09-14 10:00:00,"(52.1, 4.3)",era5,0.19,1.0,102474.4,403.67,0.73
472,2020-09-14 16:00:00,"(52.1, 4.3)",era5,0.19,1.0,102163.08,435.91,0.58
473,2020-09-15 10:00:00,"(52.1, 4.3)",era5,0.19,1.0,101927.96,393.46,0.71
474,2020-09-15 16:00:00,"(52.1, 4.3)",era5,0.19,1.0,101711.76,398.52,0.58
475,2020-09-16 10:00:00,"(52.1, 4.3)",era5,0.19,1.0,102120.92,325.26,0.77
476,2020-09-16 16:00:00,"(52.1, 4.3)",era5,0.19,1.0,102309.28,407.64,0.78
477,2020-09-17 10:00:00,"(52.1, 4.3)",era5,0.19,1.0,102989.68,330.47,0.66
478,2020-09-17 16:00:00,"(52.1, 4.3)",era5,0.19,1.0,102795.72,430.39,0.52
479,2020-09-18 10:00:00,"(52.1, 4.3)",era5,0.19,1.0,102588.8,390.98,0.65
480,2020-09-18 16:00:00,"(52.1, 4.3)",era5,0.19,1.0,102250.84,422.68,0.53
481,2020-09-19 10:00:00,"(52.1, 4.3)",era5,0.19,1.0,101930.8,392.47,0.62
482,2020-09-19 16:00:00,"(52.1, 4.3)",era5,0.19,1.0,101701.24,412.93,0.56
483,2020-09-20 10:00:00,"(52.1, 4.3)",era5,0.19,1.0,101872.6,389.92,0.63
484,2020-09-20 16:00:00,"(52.1, 4.3)",era5,0.19,1.0,101770.52,424.31,0.54
485,2020-09-21 10:00:00,"(52.1, 4.3)",era5,0.19,1.0,101732.92,379.9,0.7
486,2020-09-21 16:00:00,"(52.1, 4.3)",era5,0.19,1.0,101550.24,401.0,0.64
487,2020-09-22 10:00:00,"(52.1, 4.3)",era5,0.19,1.0,101183.16,292.22,0.96
488,2020-09-22 16:00:00,"(52.1, 4.3)",era5,0.19,1.0,100860.72,389.48,0.64
489,2020-09-23 10:00:00,"(52.1, 4.3)",era5,0.19,1.0,100356.64,265.93,0.84
490,2020-09-23 16:00:00,"(52.1, 4.3)",era5,0.19,1.0,100138.92,193.39,0.83
491,2020-09-24 10:00:00,"(52.1, 4.3)",era5,0.19,1.0,100059.72,201.38,0.76
492,2020-09-24 16:00:00,"(52.1, 4.3)",era5,0.19,1.0,99911.28,299.81,0.72
493,2020-09-25 10:00:00,"(52.1, 4.3)",era5,0.19,1.0,99307.08,223.7,0.78
